"name";"code";level2Code;"level3Code";"code_fichier";"nom_fichier";"date_fin";"description_operation";"bank_statement_file_format"
"Branch Deposit";"PMNT";CNTR;"BCDP";"OPERATION CAMT53";"Operation CAMT53";;"Bank transaction codes for CAMT.053";"camt.053.001.02.stm"
"Branch Withdrawl";"PMNT";"CNTR";BCWD;"OPERATION CAMT53";"Operation CAMT53";;"Bank transaction codes for CAMT.053";"camt.053.001.02.stm"
"Cash Deposit";"PMNT";"CNTR";"CDPT";"OPERATION CAMT53";"Operation CAMT53";;"Bank transaction codes for CAMT.053";"camt.053.001.02.stm"
"Cash Withdrawal";"PMNT";"CNTR";"CWDL";"OPERATION CAMT53";"Operation CAMT53";;"Bank transaction codes for CAMT.053";"camt.053.001.02.stm"
"Charges (Generic)";"PMNT";"CNTR";"CHRG";"OPERATION CAMT53";"Operation CAMT53";;"Bank transaction codes for CAMT.053";"camt.053.001.02.stm"
"Check Deposit";"PMNT";"CNTR";"CHKD";"OPERATION CAMT53";"Operation CAMT53";;"Bank transaction codes for CAMT.053";"camt.053.001.02.stm"
"Commission (Generic)";"PMNT";"CNTR";"COMM";"OPERATION CAMT53";"Operation CAMT53";;"Bank transaction codes for CAMT.053";"camt.053.001.02.stm"
"Commission Excluding Taxes (Generic)";"PMNT";"CNTR";"COME";"OPERATION CAMT53";"Operation CAMT53";;"Bank transaction codes for CAMT.053";"camt.053.001.02.stm"
"Commission Including Taxes (Generic)";"PMNT";"CNTR";"COMI";"OPERATION CAMT53";"Operation CAMT53";;"Bank transaction codes for CAMT.053";"camt.053.001.02.stm"
"Credit Adjustments (Generic)";"PMNT";"CNTR";"CAJT";"OPERATION CAMT53";"Operation CAMT53";;"Bank transaction codes for CAMT.053";"camt.053.001.02.stm"
"Debit Adjustments (Generic)";"PMNT";"CNTR";"DAJT";"OPERATION CAMT53";"Operation CAMT53";;"Bank transaction codes for CAMT.053";"camt.053.001.02.stm"
"Fees (Generic)";"PMNT";"CNTR";"FEES";"OPERATION CAMT53";"Operation CAMT53";;"Bank transaction codes for CAMT.053";"camt.053.001.02.stm"
"Foreign Currencies Deposit";"PMNT";"CNTR";"FCDP";"OPERATION CAMT53";"Operation CAMT53";;"Bank transaction codes for CAMT.053";"camt.053.001.02.stm"
"Foreign Currencies Withdrawal";"PMNT";"CNTR";"FCWD";"OPERATION CAMT53";"Operation CAMT53";;"Bank transaction codes for CAMT.053";"camt.053.001.02.stm"
"Interests (Generic)";"PMNT";"CNTR";"INTR";"OPERATION CAMT53";"Operation CAMT53";;"Bank transaction codes for CAMT.053";"camt.053.001.02.stm"
"Miscellaneous Deposit";"PMNT";"CNTR";"MSCD";"OPERATION CAMT53";"Operation CAMT53";;"Bank transaction codes for CAMT.053";"camt.053.001.02.stm"
"Mixed Deposit";"PMNT";"CNTR";"MIXD";"OPERATION CAMT53";"Operation CAMT53";;"Bank transaction codes for CAMT.053";"camt.053.001.02.stm"
"Non Taxable Commissions (Generic)";"PMNT";"CNTR";"COMT";"OPERATION CAMT53";"Operation CAMT53";;"Bank transaction codes for CAMT.053";"camt.053.001.02.stm"
"Not Available";"PMNT";"CNTR";"NTAV";"OPERATION CAMT53";"Operation CAMT53";;"Bank transaction codes for CAMT.053";"camt.053.001.02.stm"
"Other";"PMNT";"CNTR";"OTHR";"OPERATION CAMT53";"Operation CAMT53";;"Bank transaction codes for CAMT.053";"camt.053.001.02.stm"
"Reimbursement (Generic)";"PMNT";"CNTR";"RIMB";"OPERATION CAMT53";"Operation CAMT53";;"Bank transaction codes for CAMT.053";"camt.053.001.02.stm"
"Taxes (Generic)";"PMNT";"CNTR";"TAXE";"OPERATION CAMT53";"Operation CAMT53";;"Bank transaction codes for CAMT.053";"camt.053.001.02.stm"
"Travellers Cheques Deposit";"PMNT";"CNTR";"TCDP";"OPERATION CAMT53";"Operation CAMT53";;"Bank transaction codes for CAMT.053";"camt.053.001.02.stm"
"Travellers Cheques Withdrawal";"PMNT";"CNTR";"TCWD";"OPERATION CAMT53";"Operation CAMT53";;"Bank transaction codes for CAMT.053";"camt.053.001.02.stm"
"Cash Deposit";"PMNT";"CCRD";"CDPT";"OPERATION CAMT53";"Operation CAMT53";;"Bank transaction codes for CAMT.053";"camt.053.001.02.stm"
"Cash Withdrawal";"PMNT";"CCRD";"CWDL";"OPERATION CAMT53";"Operation CAMT53";;"Bank transaction codes for CAMT.053";"camt.053.001.02.stm"
"Charges (Generic)";"PMNT";"CCRD";"CHRG";"OPERATION CAMT53";"Operation CAMT53";;"Bank transaction codes for CAMT.053";"camt.053.001.02.stm"
"Commission (Generic)";"PMNT";"CCRD";"COMM";"OPERATION CAMT53";"Operation CAMT53";;"Bank transaction codes for CAMT.053";"camt.053.001.02.stm"
"Commission Excluding Taxes (Generic)";"PMNT";"CCRD";"COME";"OPERATION CAMT53";"Operation CAMT53";;"Bank transaction codes for CAMT.053";"camt.053.001.02.stm"
"Commission Including Taxes (Generic)";"PMNT";"CCRD";"COMI";"OPERATION CAMT53";"Operation CAMT53";;"Bank transaction codes for CAMT.053";"camt.053.001.02.stm"
"Credit Adjustments (Generic)";"PMNT";"CCRD";"CAJT";"OPERATION CAMT53";"Operation CAMT53";;"Bank transaction codes for CAMT.053";"camt.053.001.02.stm"
"Credit Card Payment";"PMNT";"CCRD";"POSC";"OPERATION CAMT53";"Operation CAMT53";;"Bank transaction codes for CAMT.053";"camt.053.001.02.stm"
"Cross-Border Cash Withdrawal";"PMNT";"CCRD";"XBCW";"OPERATION CAMT53";"Operation CAMT53";;"Bank transaction codes for CAMT.053";"camt.053.001.02.stm"
"Cross-Border Credit Card Payment";"PMNT";"CCRD";"XBCP";"OPERATION CAMT53";"Operation CAMT53";;"Bank transaction codes for CAMT.053";"camt.053.001.02.stm"
"Debit Adjustments (Generic)";"PMNT";"CCRD";"DAJT";"OPERATION CAMT53";"Operation CAMT53";;"Bank transaction codes for CAMT.053";"camt.053.001.02.stm"
"Fees (Generic)";"PMNT";"CCRD";"FEES";"OPERATION CAMT53";"Operation CAMT53";;"Bank transaction codes for CAMT.053";"camt.053.001.02.stm"
"Interests (Generic)";"PMNT";"CCRD";"INTR";"OPERATION CAMT53";"Operation CAMT53";;"Bank transaction codes for CAMT.053";"camt.053.001.02.stm"
"Non Taxable Commissions (Generic)";"PMNT";"CCRD";"COMT";"OPERATION CAMT53";"Operation CAMT53";;"Bank transaction codes for CAMT.053";"camt.053.001.02.stm"
"Not Available";"PMNT";"CCRD";"NTAV";"OPERATION CAMT53";"Operation CAMT53";;"Bank transaction codes for CAMT.053";"camt.053.001.02.stm"
"Other";"PMNT";"CCRD";"OTHR";"OPERATION CAMT53";"Operation CAMT53";;"Bank transaction codes for CAMT.053";"camt.053.001.02.stm"
"Point-of-Sale (POS) Payment  - Debit Card";"PMNT";"CCRD";"POSD";"OPERATION CAMT53";"Operation CAMT53";;"Bank transaction codes for CAMT.053";"camt.053.001.02.stm"
"Reimbursement (Generic)";"PMNT";"CCRD";"RIMB";"OPERATION CAMT53";"Operation CAMT53";;"Bank transaction codes for CAMT.053";"camt.053.001.02.stm"
"Smart-Card Payment";"PMNT";"CCRD";"SMRT";"OPERATION CAMT53";"Operation CAMT53";;"Bank transaction codes for CAMT.053";"camt.053.001.02.stm"
"Taxes (Generic)";"PMNT";"CCRD";"TAXE";"OPERATION CAMT53";"Operation CAMT53";;"Bank transaction codes for CAMT.053";"camt.053.001.02.stm"
"Charges (Generic)";"PMNT";"DRFT";"CHRG";"OPERATION CAMT53";"Operation CAMT53";;"Bank transaction codes for CAMT.053";"camt.053.001.02.stm"
"Commission (Generic)";"PMNT";"DRFT";"COMM";"OPERATION CAMT53";"Operation CAMT53";;"Bank transaction codes for CAMT.053";"camt.053.001.02.stm"
"Commission Excluding Taxes (Generic)";"PMNT";"DRFT";"COME";"OPERATION CAMT53";"Operation CAMT53";;"Bank transaction codes for CAMT.053";"camt.053.001.02.stm"
"Commission Including Taxes (Generic)";"PMNT";"DRFT";"COMI";"OPERATION CAMT53";"Operation CAMT53";;"Bank transaction codes for CAMT.053";"camt.053.001.02.stm"
"Credit Adjustments (Generic)";"PMNT";"DRFT";"CAJT";"OPERATION CAMT53";"Operation CAMT53";;"Bank transaction codes for CAMT.053";"camt.053.001.02.stm"
"Debit Adjustments (Generic)";"PMNT";"DRFT";"DAJT";"OPERATION CAMT53";"Operation CAMT53";;"Bank transaction codes for CAMT.053";"camt.053.001.02.stm"
"Discounted Draft";"PMNT";"DRFT";"DDFT";"OPERATION CAMT53";"Operation CAMT53";;"Bank transaction codes for CAMT.053";"camt.053.001.02.stm"
"Dishonoured/Unpaid Draft";"PMNT";"DRFT";"UDFT";"OPERATION CAMT53";"Operation CAMT53";;"Bank transaction codes for CAMT.053";"camt.053.001.02.stm"
"Draft Maturity Change";"PMNT";"DRFT";"DMCG";"OPERATION CAMT53";"Operation CAMT53";;"Bank transaction codes for CAMT.053";"camt.053.001.02.stm"
"Fees (Generic)";"PMNT";"DRFT";"FEES";"OPERATION CAMT53";"Operation CAMT53";;"Bank transaction codes for CAMT.053";"camt.053.001.02.stm"
"Interests (Generic)";"PMNT";"DRFT";"INTR";"OPERATION CAMT53";"Operation CAMT53";;"Bank transaction codes for CAMT.053";"camt.053.001.02.stm"
"Non Taxable Commissions (Generic)";"PMNT";"DRFT";"COMT";"OPERATION CAMT53";"Operation CAMT53";;"Bank transaction codes for CAMT.053";"camt.053.001.02.stm"
"Not Available";"PMNT";"DRFT";"NTAV";"OPERATION CAMT53";"Operation CAMT53";;"Bank transaction codes for CAMT.053";"camt.053.001.02.stm"
"Other";"PMNT";"DRFT";"OTHR";"OPERATION CAMT53";"Operation CAMT53";;"Bank transaction codes for CAMT.053";"camt.053.001.02.stm"
"Reimbursement (Generic)";"PMNT";"DRFT";"RIMB";"OPERATION CAMT53";"Operation CAMT53";;"Bank transaction codes for CAMT.053";"camt.053.001.02.stm"
"Settlement At Maturity";"PMNT";"DRFT";"STAM";"OPERATION CAMT53";"Operation CAMT53";;"Bank transaction codes for CAMT.053";"camt.053.001.02.stm"
"Settlement Under Reserve";"PMNT";"DRFT";"STLR";"OPERATION CAMT53";"Operation CAMT53";;"Bank transaction codes for CAMT.053";"camt.053.001.02.stm"
"Taxes (Generic)";"PMNT";"DRFT";"TAXE";"OPERATION CAMT53";"Operation CAMT53";;"Bank transaction codes for CAMT.053";"camt.053.001.02.stm"
"ACH Concentration";"PMNT";"ICCN";"ACON";"OPERATION CAMT53";"Operation CAMT53";;"Bank transaction codes for CAMT.053";"camt.053.001.02.stm"
"Branch Account Transfer";"PMNT";"ICCN";"BACT";"OPERATION CAMT53";"Operation CAMT53";;"Bank transaction codes for CAMT.053";"camt.053.001.02.stm"
"Charges (Generic)";"PMNT";"ICCN";"CHRG";"OPERATION CAMT53";"Operation CAMT53";;"Bank transaction codes for CAMT.053";"camt.053.001.02.stm"
"Commission (Generic)";"PMNT";"ICCN";"COMM";"OPERATION CAMT53";"Operation CAMT53";;"Bank transaction codes for CAMT.053";"camt.053.001.02.stm"
"Commission Excluding Taxes (Generic)";"PMNT";"ICCN";"COME";"OPERATION CAMT53";"Operation CAMT53";;"Bank transaction codes for CAMT.053";"camt.053.001.02.stm"
"Commission Including Taxes (Generic)";"PMNT";"ICCN";"COMI";"OPERATION CAMT53";"Operation CAMT53";;"Bank transaction codes for CAMT.053";"camt.053.001.02.stm"
"Corporate Own Account Transfer";"PMNT";"ICCN";"COAT";"OPERATION CAMT53";"Operation CAMT53";;"Bank transaction codes for CAMT.053";"camt.053.001.02.stm"
"Credit Adjustments (Generic)";"PMNT";"ICCN";"CAJT";"OPERATION CAMT53";"Operation CAMT53";;"Bank transaction codes for CAMT.053";"camt.053.001.02.stm"
"Cross-Border Intra Company Transfer";"PMNT";"ICCN";"XICT";"OPERATION CAMT53";"Operation CAMT53";;"Bank transaction codes for CAMT.053";"camt.053.001.02.stm"
"Debit Adjustments (Generic)";"PMNT";"ICCN";"DAJT";"OPERATION CAMT53";"Operation CAMT53";;"Bank transaction codes for CAMT.053";"camt.053.001.02.stm"
"Fees (Generic)";"PMNT";"ICCN";"FEES";"OPERATION CAMT53";"Operation CAMT53";;"Bank transaction codes for CAMT.053";"camt.053.001.02.stm"
"Financial Institution Own Account Transfer";"PMNT";"ICCN";"FIOA";"OPERATION CAMT53";"Operation CAMT53";;"Bank transaction codes for CAMT.053";"camt.053.001.02.stm"
"Interests (Generic)";"PMNT";"ICCN";"INTR";"OPERATION CAMT53";"Operation CAMT53";;"Bank transaction codes for CAMT.053";"camt.053.001.02.stm"
"Intra Company Transfer";"PMNT";"ICCN";"ICCT";"OPERATION CAMT53";"Operation CAMT53";;"Bank transaction codes for CAMT.053";"camt.053.001.02.stm"
"Non Taxable Commissions (Generic)";"PMNT";"ICCN";"COMT";"OPERATION CAMT53";"Operation CAMT53";;"Bank transaction codes for CAMT.053";"camt.053.001.02.stm"
"Not Available";"PMNT";"ICCN";"NTAV";"OPERATION CAMT53";"Operation CAMT53";;"Bank transaction codes for CAMT.053";"camt.053.001.02.stm"
"Other";"PMNT";"ICCN";"OTHR";"OPERATION CAMT53";"Operation CAMT53";;"Bank transaction codes for CAMT.053";"camt.053.001.02.stm"
"Reimbursement (Generic)";"PMNT";"ICCN";"RIMB";"OPERATION CAMT53";"Operation CAMT53";;"Bank transaction codes for CAMT.053";"camt.053.001.02.stm"
"Taxes (Generic)";"PMNT";"ICCN";"TAXE";"OPERATION CAMT53";"Operation CAMT53";;"Bank transaction codes for CAMT.053";"camt.053.001.02.stm"
"ARP Debit";"PMNT";"ICHQ";"ARPD";"OPERATION CAMT53";"Operation CAMT53";;"Bank transaction codes for CAMT.053";"camt.053.001.02.stm"
"Bank Cheque";"PMNT";"ICHQ";"BCHQ";"OPERATION CAMT53";"Operation CAMT53";;"Bank transaction codes for CAMT.053";"camt.053.001.02.stm"
"Cash Letter";"PMNT";"ICHQ";"CASH";"OPERATION CAMT53";"Operation CAMT53";;"Bank transaction codes for CAMT.053";"camt.053.001.02.stm"
"Cash Letter Adjustment";"PMNT";"ICHQ";"CSHA";"OPERATION CAMT53";"Operation CAMT53";;"Bank transaction codes for CAMT.053";"camt.053.001.02.stm"
"Certified Customer Cheque";"PMNT";"ICHQ";"CCCH";"OPERATION CAMT53";"Operation CAMT53";;"Bank transaction codes for CAMT.053";"camt.053.001.02.stm"
"Charges (Generic)";"PMNT";"ICHQ";"CHRG";"OPERATION CAMT53";"Operation CAMT53";;"Bank transaction codes for CAMT.053";"camt.053.001.02.stm"
"Cheque";"PMNT";"ICHQ";"CCHQ";"OPERATION CAMT53";"Operation CAMT53";;"Bank transaction codes for CAMT.053";"camt.053.001.02.stm"
"Cheque Reversal";"PMNT";"ICHQ";"CQRV";"OPERATION CAMT53";"Operation CAMT53";;"Bank transaction codes for CAMT.053";"camt.053.001.02.stm"
"Cheque Under Reserve";"PMNT";"ICHQ";"URCQ";"OPERATION CAMT53";"Operation CAMT53";;"Bank transaction codes for CAMT.053";"camt.053.001.02.stm"
"Circular Cheque";"PMNT";"ICHQ";"CLCQ";"OPERATION CAMT53";"Operation CAMT53";;"Bank transaction codes for CAMT.053";"camt.053.001.02.stm"
"Commission (Generic)";"PMNT";"ICHQ";"COMM";"OPERATION CAMT53";"Operation CAMT53";;"Bank transaction codes for CAMT.053";"camt.053.001.02.stm"
"Commission Excluding Taxes (Generic)";"PMNT";"ICHQ";"COME";"OPERATION CAMT53";"Operation CAMT53";;"Bank transaction codes for CAMT.053";"camt.053.001.02.stm"
"Commission Including Taxes (Generic)";"PMNT";"ICHQ";"COMI";"OPERATION CAMT53";"Operation CAMT53";;"Bank transaction codes for CAMT.053";"camt.053.001.02.stm"
"Controlled Disbursement";"PMNT";"ICHQ";"CDIS";"OPERATION CAMT53";"Operation CAMT53";;"Bank transaction codes for CAMT.053";"camt.053.001.02.stm"
"Credit Adjustments (Generic)";"PMNT";"ICHQ";"CAJT";"OPERATION CAMT53";"Operation CAMT53";;"Bank transaction codes for CAMT.053";"camt.053.001.02.stm"
"Crossed Cheque";"PMNT";"ICHQ";"CRCQ";"OPERATION CAMT53";"Operation CAMT53";;"Bank transaction codes for CAMT.053";"camt.053.001.02.stm"
"Debit Adjustments (Generic)";"PMNT";"ICHQ";"DAJT";"OPERATION CAMT53";"Operation CAMT53";;"Bank transaction codes for CAMT.053";"camt.053.001.02.stm"
"Fees (Generic)";"PMNT";"ICHQ";"FEES";"OPERATION CAMT53";"Operation CAMT53";;"Bank transaction codes for CAMT.053";"camt.053.001.02.stm"
"Foreign Cheque";"PMNT";"ICHQ";"XBCQ";"OPERATION CAMT53";"Operation CAMT53";;"Bank transaction codes for CAMT.053";"camt.053.001.02.stm"
"Foreign Cheque Under Reserve";"PMNT";"ICHQ";"XRCQ";"OPERATION CAMT53";"Operation CAMT53";;"Bank transaction codes for CAMT.053";"camt.053.001.02.stm"
"Interests (Generic)";"PMNT";"ICHQ";"INTR";"OPERATION CAMT53";"Operation CAMT53";;"Bank transaction codes for CAMT.053";"camt.053.001.02.stm"
"Non Presented Circular Cheques";"PMNT";"ICHQ";"NPCC";"OPERATION CAMT53";"Operation CAMT53";;"Bank transaction codes for CAMT.053";"camt.053.001.02.stm"
"Non Taxable Commissions (Generic)";"PMNT";"ICHQ";"COMT";"OPERATION CAMT53";"Operation CAMT53";;"Bank transaction codes for CAMT.053";"camt.053.001.02.stm"
"Not Available";"PMNT";"ICHQ";"NTAV";"OPERATION CAMT53";"Operation CAMT53";;"Bank transaction codes for CAMT.053";"camt.053.001.02.stm"
"Open Cheque";"PMNT";"ICHQ";"OPCQ";"OPERATION CAMT53";"Operation CAMT53";;"Bank transaction codes for CAMT.053";"camt.053.001.02.stm"
"Order Cheque";"PMNT";"ICHQ";"ORCQ";"OPERATION CAMT53";"Operation CAMT53";;"Bank transaction codes for CAMT.053";"camt.053.001.02.stm"
"Other";"PMNT";"ICHQ";"OTHR";"OPERATION CAMT53";"Operation CAMT53";;"Bank transaction codes for CAMT.053";"camt.053.001.02.stm"
"Reimbursement (Generic)";"PMNT";"ICHQ";"RIMB";"OPERATION CAMT53";"Operation CAMT53";;"Bank transaction codes for CAMT.053";"camt.053.001.02.stm"
"Taxes (Generic)";"PMNT";"ICHQ";"TAXE";"OPERATION CAMT53";"Operation CAMT53";;"Bank transaction codes for CAMT.053";"camt.053.001.02.stm"
"Unpaid Cheque";"PMNT";"ICHQ";"UPCQ";"OPERATION CAMT53";"Operation CAMT53";;"Bank transaction codes for CAMT.053";"camt.053.001.02.stm"
"Unpaid Foreign Cheque";"PMNT";"ICHQ";"XPCQ";"OPERATION CAMT53";"Operation CAMT53";;"Bank transaction codes for CAMT.053";"camt.053.001.02.stm"
"ACH Corporate Trade";"PMNT";"ICDT";"ACOR";"OPERATION CAMT53";"Operation CAMT53";;"Bank transaction codes for CAMT.053";"camt.053.001.02.stm"
"ACH Credit";"PMNT";"ICDT";"ACDT";"OPERATION CAMT53";"Operation CAMT53";;"Bank transaction codes for CAMT.053";"camt.053.001.02.stm"
"ACH Debit";"PMNT";"ICDT";"ADBT";"OPERATION CAMT53";"Operation CAMT53";;"Bank transaction codes for CAMT.053";"camt.053.001.02.stm"
"ACH Pre-Authorised";"PMNT";"ICDT";"APAC";"OPERATION CAMT53";"Operation CAMT53";;"Bank transaction codes for CAMT.053";"camt.053.001.02.stm"
"ACH Return";"PMNT";"ICDT";"ARET";"OPERATION CAMT53";"Operation CAMT53";;"Bank transaction codes for CAMT.053";"camt.053.001.02.stm"
"ACH Reversal";"PMNT";"ICDT";"AREV";"OPERATION CAMT53";"Operation CAMT53";;"Bank transaction codes for CAMT.053";"camt.053.001.02.stm"
"ACH Settlement";"PMNT";"ICDT";"ASET";"OPERATION CAMT53";"Operation CAMT53";;"Bank transaction codes for CAMT.053";"camt.053.001.02.stm"
"ACH Transaction";"PMNT";"ICDT";"ATXN";"OPERATION CAMT53";"Operation CAMT53";;"Bank transaction codes for CAMT.053";"camt.053.001.02.stm"
"Automatic Transfer";"PMNT";"ICDT";"AUTT";"OPERATION CAMT53";"Operation CAMT53";;"Bank transaction codes for CAMT.053";"camt.053.001.02.stm"
"Charges (Generic)";"PMNT";"ICDT";"CHRG";"OPERATION CAMT53";"Operation CAMT53";;"Bank transaction codes for CAMT.053";"camt.053.001.02.stm"
"Commission (Generic)";"PMNT";"ICDT";"COMM";"OPERATION CAMT53";"Operation CAMT53";;"Bank transaction codes for CAMT.053";"camt.053.001.02.stm"
"Commission Excluding Taxes (Generic)";"PMNT";"ICDT";"COME";"OPERATION CAMT53";"Operation CAMT53";;"Bank transaction codes for CAMT.053";"camt.053.001.02.stm"
"Commission Including Taxes (Generic)";"PMNT";"ICDT";"COMI";"OPERATION CAMT53";"Operation CAMT53";;"Bank transaction codes for CAMT.053";"camt.053.001.02.stm"
"Credit Adjustments (Generic)";"PMNT";"ICDT";"CAJT";"OPERATION CAMT53";"Operation CAMT53";;"Bank transaction codes for CAMT.053";"camt.053.001.02.stm"
"Credit Transfer With Agreed Commercial Information";"PMNT";"ICDT";"VCOM";"OPERATION CAMT53";"Operation CAMT53";;"Bank transaction codes for CAMT.053";"camt.053.001.02.stm"
"Cross-Border Credit Transfer";"PMNT";"ICDT";"XBCT";"OPERATION CAMT53";"Operation CAMT53";;"Bank transaction codes for CAMT.053";"camt.053.001.02.stm"
"Cross-Border Payroll/Salary Payment";"PMNT";"ICDT";"XBSA";"OPERATION CAMT53";"Operation CAMT53";;"Bank transaction codes for CAMT.053";"camt.053.001.02.stm"
"Cross-Border Standing Order";"PMNT";"ICDT";"XBST";"OPERATION CAMT53";"Operation CAMT53";;"Bank transaction codes for CAMT.053";"camt.053.001.02.stm"
"Debit Adjustments (Generic)";"PMNT";"ICDT";"DAJT";"OPERATION CAMT53";"Operation CAMT53";;"Bank transaction codes for CAMT.053";"camt.053.001.02.stm"
"Domestic Credit Transfer";"PMNT";"ICDT";"DMCT";"OPERATION CAMT53";"Operation CAMT53";;"Bank transaction codes for CAMT.053";"camt.053.001.02.stm"
"Fees (Generic)";"PMNT";"ICDT";"FEES";"OPERATION CAMT53";"Operation CAMT53";;"Bank transaction codes for CAMT.053";"camt.053.001.02.stm"
"Financial Institution Credit Transfer";"PMNT";"ICDT";"FICT";"OPERATION CAMT53";"Operation CAMT53";;"Bank transaction codes for CAMT.053";"camt.053.001.02.stm"
"Interests (Generic)";"PMNT";"ICDT";"INTR";"OPERATION CAMT53";"Operation CAMT53";;"Bank transaction codes for CAMT.053";"camt.053.001.02.stm"
"Internal Book Transfer";"PMNT";"ICDT";"BOOK";"OPERATION CAMT53";"Operation CAMT53";;"Bank transaction codes for CAMT.053";"camt.053.001.02.stm"
"Non Taxable Commissions (Generic)";"PMNT";"ICDT";"COMT";"OPERATION CAMT53";"Operation CAMT53";;"Bank transaction codes for CAMT.053";"camt.053.001.02.stm"
"Nordic Payment Council Credit Transfer";"PMNT";"ICDT";"ENCT";"OPERATION CAMT53";"Operation CAMT53";;"Bank transaction codes for CAMT.053";"camt.053.001.02.stm"
"Not Available";"PMNT";"ICDT";"NTAV";"OPERATION CAMT53";"Operation CAMT53";;"Bank transaction codes for CAMT.053";"camt.053.001.02.stm"
"Other";"PMNT";"ICDT";"OTHR";"OPERATION CAMT53";"Operation CAMT53";;"Bank transaction codes for CAMT.053";"camt.053.001.02.stm"
"Payroll/Salary Payment";"PMNT";"ICDT";"SALA";"OPERATION CAMT53";"Operation CAMT53";;"Bank transaction codes for CAMT.053";"camt.053.001.02.stm"
"Priority Credit Transfer";"PMNT";"ICDT";"PRCT";"OPERATION CAMT53";"Operation CAMT53";;"Bank transaction codes for CAMT.053";"camt.053.001.02.stm"
"Reimbursement (Generic)";"PMNT";"ICDT";"RIMB";"OPERATION CAMT53";"Operation CAMT53";;"Bank transaction codes for CAMT.053";"camt.053.001.02.stm"
"Reversal Due To Payment Cancellation Request  ";"PMNT";"ICDT";"RPCR";"OPERATION CAMT53";"Operation CAMT53";;"Bank transaction codes for CAMT.053";"camt.053.001.02.stm"
"Reversal Due To Payment Return";"PMNT";"ICDT";"RRTN";"OPERATION CAMT53";"Operation CAMT53";;"Bank transaction codes for CAMT.053";"camt.053.001.02.stm"
"Cross Border Reversal Due to Payment Return";"PMNT";"ICDT";"XRTN";"OPERATION CAMT53";"Operation CAMT53";;"Bank transaction codes for CAMT.053";"camt.053.001.02.stm"
"Same Day Value Credit Transfer";"PMNT";"ICDT";"SDVA";"OPERATION CAMT53";"Operation CAMT53";;"Bank transaction codes for CAMT.053";"camt.053.001.02.stm"
"SEPA Credit Transfer";"PMNT";"ICDT";"ESCT";"OPERATION CAMT53";"Operation CAMT53";;"Bank transaction codes for CAMT.053";"camt.053.001.02.stm"
"Standing Order";"PMNT";"ICDT";"STDO";"OPERATION CAMT53";"Operation CAMT53";;"Bank transaction codes for CAMT.053";"camt.053.001.02.stm"
"Taxes (Generic)";"PMNT";"ICDT";"TAXE";"OPERATION CAMT53";"Operation CAMT53";;"Bank transaction codes for CAMT.053";"camt.053.001.02.stm"
"Treasury Tax And Loan Service";"PMNT";"ICDT";"TTLS";"OPERATION CAMT53";"Operation CAMT53";;"Bank transaction codes for CAMT.053";"camt.053.001.02.stm"
"Charges (Generic)";"PMNT";"IDDT";"CHRG";"OPERATION CAMT53";"Operation CAMT53";;"Bank transaction codes for CAMT.053";"camt.053.001.02.stm"
"Commission (Generic)";"PMNT";"IDDT";"COMM";"OPERATION CAMT53";"Operation CAMT53";;"Bank transaction codes for CAMT.053";"camt.053.001.02.stm"
"Commission Excluding Taxes (Generic)";"PMNT";"IDDT";"COME";"OPERATION CAMT53";"Operation CAMT53";;"Bank transaction codes for CAMT.053";"camt.053.001.02.stm"
"Commission Including Taxes (Generic)";"PMNT";"IDDT";"COMI";"OPERATION CAMT53";"Operation CAMT53";;"Bank transaction codes for CAMT.053";"camt.053.001.02.stm"
"Credit Adjustments (Generic)";"PMNT";"IDDT";"CAJT";"OPERATION CAMT53";"Operation CAMT53";;"Bank transaction codes for CAMT.053";"camt.053.001.02.stm"
"Cross-Border Direct Debit";"PMNT";"IDDT";"XBDD";"OPERATION CAMT53";"Operation CAMT53";;"Bank transaction codes for CAMT.053";"camt.053.001.02.stm"
"Debit Adjustments (Generic)";"PMNT";"IDDT";"DAJT";"OPERATION CAMT53";"Operation CAMT53";;"Bank transaction codes for CAMT.053";"camt.053.001.02.stm"
"Direct Debit Payment";"PMNT";"IDDT";"PMDD";"OPERATION CAMT53";"Operation CAMT53";;"Bank transaction codes for CAMT.053";"camt.053.001.02.stm"
"Direct Debit Under Reserve";"PMNT";"IDDT";"URDD";"OPERATION CAMT53";"Operation CAMT53";;"Bank transaction codes for CAMT.053";"camt.053.001.02.stm"
"Fees (Generic)";"PMNT";"IDDT";"FEES";"OPERATION CAMT53";"Operation CAMT53";;"Bank transaction codes for CAMT.053";"camt.053.001.02.stm"
"Financial Institution Direct Debit Payment";"PMNT";"IDDT";"FIDD";"OPERATION CAMT53";"Operation CAMT53";;"Bank transaction codes for CAMT.053";"camt.053.001.02.stm"
"Interests (Generic)";"PMNT";"IDDT";"INTR";"OPERATION CAMT53";"Operation CAMT53";;"Bank transaction codes for CAMT.053";"camt.053.001.02.stm"
"Non Taxable Commissions (Generic)";"PMNT";"IDDT";"COMT";"OPERATION CAMT53";"Operation CAMT53";;"Bank transaction codes for CAMT.053";"camt.053.001.02.stm"
"Not Available";"PMNT";"IDDT";"NTAV";"OPERATION CAMT53";"Operation CAMT53";;"Bank transaction codes for CAMT.053";"camt.053.001.02.stm"
"One-Off Direct Debit";"PMNT";"IDDT";"OODD";"OPERATION CAMT53";"Operation CAMT53";;"Bank transaction codes for CAMT.053";"camt.053.001.02.stm"
"Other";"PMNT";"IDDT";"OTHR";"OPERATION CAMT53";"Operation CAMT53";;"Bank transaction codes for CAMT.053";"camt.053.001.02.stm"
"Pre-Authorised Direct Debit";"PMNT";"IDDT";"PADD";"OPERATION CAMT53";"Operation CAMT53";;"Bank transaction codes for CAMT.053";"camt.053.001.02.stm"
"Reimbursement (Generic)";"PMNT";"IDDT";"RIMB";"OPERATION CAMT53";"Operation CAMT53";;"Bank transaction codes for CAMT.053";"camt.053.001.02.stm"
"Reversal Due To Payment Cancellation Request";"PMNT";"IDDT";"RCDD";"OPERATION CAMT53";"Operation CAMT53";;"Bank transaction codes for CAMT.053";"camt.053.001.02.stm"
"Reversal Due To Payment Reversal  ";"PMNT";"IDDT";"PRDD";"OPERATION CAMT53";"Operation CAMT53";;"Bank transaction codes for CAMT.053";"camt.053.001.02.stm"
"Reversal Due To Return/Unpaid Direct Debit";"PMNT";"IDDT";"UPDD";"OPERATION CAMT53";"Operation CAMT53";;"Bank transaction codes for CAMT.053";"camt.053.001.02.stm"
"SEPA B2B Direct Debit";"PMNT";"IDDT";"BBDD";"OPERATION CAMT53";"Operation CAMT53";;"Bank transaction codes for CAMT.053";"camt.053.001.02.stm"
"SEPA Core Direct Debit";"PMNT";"IDDT";"ESDD";"OPERATION CAMT53";"Operation CAMT53";;"Bank transaction codes for CAMT.053";"camt.053.001.02.stm"
"Taxes (Generic)";"PMNT";"IDDT";"TAXE";"OPERATION CAMT53";"Operation CAMT53";;"Bank transaction codes for CAMT.053";"camt.053.001.02.stm"
"ACH Corporate Trade";"PMNT";"IRCT";"ACOR";"OPERATION CAMT53";"Operation CAMT53";;"Bank transaction codes for CAMT.053";"camt.053.001.02.stm"
"ACH Credit";"PMNT";"IRCT";"ACDT";"OPERATION CAMT53";"Operation CAMT53";;"Bank transaction codes for CAMT.053";"camt.053.001.02.stm"
"ACH Debit";"PMNT";"IRCT";"ADBT";"OPERATION CAMT53";"Operation CAMT53";;"Bank transaction codes for CAMT.053";"camt.053.001.02.stm"
"ACH Pre-Authorised";"PMNT";"IRCT";"APAC";"OPERATION CAMT53";"Operation CAMT53";;"Bank transaction codes for CAMT.053";"camt.053.001.02.stm"
"ACH Return";"PMNT";"IRCT";"ARET";"OPERATION CAMT53";"Operation CAMT53";;"Bank transaction codes for CAMT.053";"camt.053.001.02.stm"
"ACH Reversal";"PMNT";"IRCT";"AREV";"OPERATION CAMT53";"Operation CAMT53";;"Bank transaction codes for CAMT.053";"camt.053.001.02.stm"
"ACH Settlement";"PMNT";"IRCT";"ASET";"OPERATION CAMT53";"Operation CAMT53";;"Bank transaction codes for CAMT.053";"camt.053.001.02.stm"
"ACH Transaction";"PMNT";"IRCT";"ATXN";"OPERATION CAMT53";"Operation CAMT53";;"Bank transaction codes for CAMT.053";"camt.053.001.02.stm"
"Automatic Transfer";"PMNT";"IRCT";"AUTT";"OPERATION CAMT53";"Operation CAMT53";;"Bank transaction codes for CAMT.053";"camt.053.001.02.stm"
"Charges (Generic)";"PMNT";"IRCT";"CHRG";"OPERATION CAMT53";"Operation CAMT53";;"Bank transaction codes for CAMT.053";"camt.053.001.02.stm"
"Commission (Generic)";"PMNT";"IRCT";"COMM";"OPERATION CAMT53";"Operation CAMT53";;"Bank transaction codes for CAMT.053";"camt.053.001.02.stm"
"Commission Excluding Taxes (Generic)";"PMNT";"IRCT";"COME";"OPERATION CAMT53";"Operation CAMT53";;"Bank transaction codes for CAMT.053";"camt.053.001.02.stm"
"Commission Including Taxes (Generic)";"PMNT";"IRCT";"COMI";"OPERATION CAMT53";"Operation CAMT53";;"Bank transaction codes for CAMT.053";"camt.053.001.02.stm"
"Credit Adjustments (Generic)";"PMNT";"IRCT";"CAJT";"OPERATION CAMT53";"Operation CAMT53";;"Bank transaction codes for CAMT.053";"camt.053.001.02.stm"
"Credit Transfer With Agreed Commercial Information";"PMNT";"IRCT";"VCOM";"OPERATION CAMT53";"Operation CAMT53";;"Bank transaction codes for CAMT.053";"camt.053.001.02.stm"
"Cross-Border Credit Transfer";"PMNT";"IRCT";"XBCT";"OPERATION CAMT53";"Operation CAMT53";;"Bank transaction codes for CAMT.053";"camt.053.001.02.stm"
"Cross-Border Payroll/Salary Payment";"PMNT";"IRCT";"XBSA";"OPERATION CAMT53";"Operation CAMT53";;"Bank transaction codes for CAMT.053";"camt.053.001.02.stm"
"Cross-Border Standing Order";"PMNT";"IRCT";"XBST";"OPERATION CAMT53";"Operation CAMT53";;"Bank transaction codes for CAMT.053";"camt.053.001.02.stm"
"Debit Adjustments (Generic)";"PMNT";"IRCT";"DAJT";"OPERATION CAMT53";"Operation CAMT53";;"Bank transaction codes for CAMT.053";"camt.053.001.02.stm"
"Domestic Credit Transfer";"PMNT";"IRCT";"DMCT";"OPERATION CAMT53";"Operation CAMT53";;"Bank transaction codes for CAMT.053";"camt.053.001.02.stm"
"Fees (Generic)";"PMNT";"IRCT";"FEES";"OPERATION CAMT53";"Operation CAMT53";;"Bank transaction codes for CAMT.053";"camt.053.001.02.stm"
"Financial Institution Credit Transfer";"PMNT";"IRCT";"FICT";"OPERATION CAMT53";"Operation CAMT53";;"Bank transaction codes for CAMT.053";"camt.053.001.02.stm"
"Interests (Generic)";"PMNT";"IRCT";"INTR";"OPERATION CAMT53";"Operation CAMT53";;"Bank transaction codes for CAMT.053";"camt.053.001.02.stm"
"Internal Book Transfer";"PMNT";"IRCT";"BOOK";"OPERATION CAMT53";"Operation CAMT53";;"Bank transaction codes for CAMT.053";"camt.053.001.02.stm"
"Non Taxable Commissions (Generic)";"PMNT";"IRCT";"COMT";"OPERATION CAMT53";"Operation CAMT53";;"Bank transaction codes for CAMT.053";"camt.053.001.02.stm"
"Nordic Payment Council Credit Transfer";"PMNT";"IRCT";"ENCT";"OPERATION CAMT53";"Operation CAMT53";;"Bank transaction codes for CAMT.053";"camt.053.001.02.stm"
"Not Available";"PMNT";"IRCT";"NTAV";"OPERATION CAMT53";"Operation CAMT53";;"Bank transaction codes for CAMT.053";"camt.053.001.02.stm"
"Other";"PMNT";"IRCT";"OTHR";"OPERATION CAMT53";"Operation CAMT53";;"Bank transaction codes for CAMT.053";"camt.053.001.02.stm"
"Payroll/Salary Payment";"PMNT";"IRCT";"SALA";"OPERATION CAMT53";"Operation CAMT53";;"Bank transaction codes for CAMT.053";"camt.053.001.02.stm"
"Priority Credit Transfer";"PMNT";"IRCT";"PRCT";"OPERATION CAMT53";"Operation CAMT53";;"Bank transaction codes for CAMT.053";"camt.053.001.02.stm"
"Reimbursement (Generic)";"PMNT";"IRCT";"RIMB";"OPERATION CAMT53";"Operation CAMT53";;"Bank transaction codes for CAMT.053";"camt.053.001.02.stm"
"Reversal Due To Payment Cancellation Request  ";"PMNT";"IRCT";"RPCR";"OPERATION CAMT53";"Operation CAMT53";;"Bank transaction codes for CAMT.053";"camt.053.001.02.stm"
"Reversal Due To Payment Return";"PMNT";"IRCT";"RRTN";"OPERATION CAMT53";"Operation CAMT53";;"Bank transaction codes for CAMT.053";"camt.053.001.02.stm"
"Cross Border Reversal Due to Payment Return";"PMNT";"IRCT";"XRTN";"OPERATION CAMT53";"Operation CAMT53";;"Bank transaction codes for CAMT.053";"camt.053.001.02.stm"
"Same Day Value Credit Transfer";"PMNT";"IRCT";"SDVA";"OPERATION CAMT53";"Operation CAMT53";;"Bank transaction codes for CAMT.053";"camt.053.001.02.stm"
"SEPA Credit Transfer";"PMNT";"IRCT";"ESCT";"OPERATION CAMT53";"Operation CAMT53";;"Bank transaction codes for CAMT.053";"camt.053.001.02.stm"
"Standing Order";"PMNT";"IRCT";"STDO";"OPERATION CAMT53";"Operation CAMT53";;"Bank transaction codes for CAMT.053";"camt.053.001.02.stm"
"Taxes (Generic)";"PMNT";"IRCT";"TAXE";"OPERATION CAMT53";"Operation CAMT53";;"Bank transaction codes for CAMT.053";"camt.053.001.02.stm"
"Treasury Tax And Loan Service";"PMNT";"IRCT";"TTLS";"OPERATION CAMT53";"Operation CAMT53";;"Bank transaction codes for CAMT.053";"camt.053.001.02.stm"
"Charges (Generic)";"PMNT";"LBOX";"CHRG";"OPERATION CAMT53";"Operation CAMT53";;"Bank transaction codes for CAMT.053";"camt.053.001.02.stm"
"Commission (Generic)";"PMNT";"LBOX";"COMM";"OPERATION CAMT53";"Operation CAMT53";;"Bank transaction codes for CAMT.053";"camt.053.001.02.stm"
"Commission Excluding Taxes (Generic)";"PMNT";"LBOX";"COME";"OPERATION CAMT53";"Operation CAMT53";;"Bank transaction codes for CAMT.053";"camt.053.001.02.stm"
"Commission Including Taxes (Generic)";"PMNT";"LBOX";"COMI";"OPERATION CAMT53";"Operation CAMT53";;"Bank transaction codes for CAMT.053";"camt.053.001.02.stm"
"Credit Adjustment";"PMNT";"LBOX";"LBCA";"OPERATION CAMT53";"Operation CAMT53";;"Bank transaction codes for CAMT.053";"camt.053.001.02.stm"
"Credit Adjustments (Generic)";"PMNT";"LBOX";"CAJT";"OPERATION CAMT53";"Operation CAMT53";;"Bank transaction codes for CAMT.053";"camt.053.001.02.stm"
"Debit";"PMNT";"LBOX";"LBDB";"OPERATION CAMT53";"Operation CAMT53";;"Bank transaction codes for CAMT.053";"camt.053.001.02.stm"
"Debit Adjustments (Generic)";"PMNT";"LBOX";"DAJT";"OPERATION CAMT53";"Operation CAMT53";;"Bank transaction codes for CAMT.053";"camt.053.001.02.stm"
"Deposit";"PMNT";"LBOX";"LBDP";"OPERATION CAMT53";"Operation CAMT53";;"Bank transaction codes for CAMT.053";"camt.053.001.02.stm"
"Fees (Generic)";"PMNT";"LBOX";"FEES";"OPERATION CAMT53";"Operation CAMT53";;"Bank transaction codes for CAMT.053";"camt.053.001.02.stm"
"Interests (Generic)";"PMNT";"LBOX";"INTR";"OPERATION CAMT53";"Operation CAMT53";;"Bank transaction codes for CAMT.053";"camt.053.001.02.stm"
"Non Taxable Commissions (Generic)";"PMNT";"LBOX";"COMT";"OPERATION CAMT53";"Operation CAMT53";;"Bank transaction codes for CAMT.053";"camt.053.001.02.stm"
"Not Available";"PMNT";"LBOX";"NTAV";"OPERATION CAMT53";"Operation CAMT53";;"Bank transaction codes for CAMT.053";"camt.053.001.02.stm"
"Other";"PMNT";"LBOX";"OTHR";"OPERATION CAMT53";"Operation CAMT53";;"Bank transaction codes for CAMT.053";"camt.053.001.02.stm"
"Reimbursement (Generic)";"PMNT";"LBOX";"RIMB";"OPERATION CAMT53";"Operation CAMT53";;"Bank transaction codes for CAMT.053";"camt.053.001.02.stm"
"Taxes (Generic)";"PMNT";"LBOX";"TAXE";"OPERATION CAMT53";"Operation CAMT53";;"Bank transaction codes for CAMT.053";"camt.053.001.02.stm"
"Charges (Generic)";"PMNT";"MCRD";"CHRG";"OPERATION CAMT53";"Operation CAMT53";;"Bank transaction codes for CAMT.053";"camt.053.001.02.stm"
"Commission (Generic)";"PMNT";"MCRD";"COMM";"OPERATION CAMT53";"Operation CAMT53";;"Bank transaction codes for CAMT.053";"camt.053.001.02.stm"
"Commission Excluding Taxes (Generic)";"PMNT";"MCRD";"COME";"OPERATION CAMT53";"Operation CAMT53";;"Bank transaction codes for CAMT.053";"camt.053.001.02.stm"
"Commission Including Taxes (Generic)";"PMNT";"MCRD";"COMI";"OPERATION CAMT53";"Operation CAMT53";;"Bank transaction codes for CAMT.053";"camt.053.001.02.stm"
"Credit Adjustments (Generic)";"PMNT";"MCRD";"CAJT";"OPERATION CAMT53";"Operation CAMT53";;"Bank transaction codes for CAMT.053";"camt.053.001.02.stm"
"Credit Card Payment";"PMNT";"MCRD";"POSC";"OPERATION CAMT53";"Operation CAMT53";;"Bank transaction codes for CAMT.053";"camt.053.001.02.stm"
"Debit Adjustments (Generic)";"PMNT";"MCRD";"DAJT";"OPERATION CAMT53";"Operation CAMT53";;"Bank transaction codes for CAMT.053";"camt.053.001.02.stm"
"Fees (Generic)";"PMNT";"MCRD";"FEES";"OPERATION CAMT53";"Operation CAMT53";;"Bank transaction codes for CAMT.053";"camt.053.001.02.stm"
"Interests (Generic)";"PMNT";"MCRD";"INTR";"OPERATION CAMT53";"Operation CAMT53";;"Bank transaction codes for CAMT.053";"camt.053.001.02.stm"
"Non Taxable Commissions (Generic)";"PMNT";"MCRD";"COMT";"OPERATION CAMT53";"Operation CAMT53";;"Bank transaction codes for CAMT.053";"camt.053.001.02.stm"
"Not Available";"PMNT";"MCRD";"NTAV";"OPERATION CAMT53";"Operation CAMT53";;"Bank transaction codes for CAMT.053";"camt.053.001.02.stm"
"Other";"PMNT";"MCRD";"OTHR";"OPERATION CAMT53";"Operation CAMT53";;"Bank transaction codes for CAMT.053";"camt.053.001.02.stm"
"Point-of-Sale (POS) Payment";"PMNT";"MCRD";"POSP";"OPERATION CAMT53";"Operation CAMT53";;"Bank transaction codes for CAMT.053";"camt.053.001.02.stm"
"Reimbursement (Generic)";"PMNT";"MCRD";"RIMB";"OPERATION CAMT53";"Operation CAMT53";;"Bank transaction codes for CAMT.053";"camt.053.001.02.stm"
"Smart-Card Payment";"PMNT";"MCRD";"SMCD";"OPERATION CAMT53";"Operation CAMT53";;"Bank transaction codes for CAMT.053";"camt.053.001.02.stm"
"Taxes (Generic)";"PMNT";"MCRD";"TAXE";"OPERATION CAMT53";"Operation CAMT53";;"Bank transaction codes for CAMT.053";"camt.053.001.02.stm"
"Unpaid Card Transaction";"PMNT";"MCRD";"UPCT";"OPERATION CAMT53";"Operation CAMT53";;"Bank transaction codes for CAMT.053";"camt.053.001.02.stm"
"Adjustments (Generic)";"PMNT";"MCOP";"ADJT";"OPERATION CAMT53";"Operation CAMT53";;"Bank transaction codes for CAMT.053";"camt.053.001.02.stm"
"Charges (Generic)";"PMNT";"MCOP";"CHRG";"OPERATION CAMT53";"Operation CAMT53";;"Bank transaction codes for CAMT.053";"camt.053.001.02.stm"
"Commission (Generic)";"PMNT";"MCOP";"COMM";"OPERATION CAMT53";"Operation CAMT53";;"Bank transaction codes for CAMT.053";"camt.053.001.02.stm"
"Commission Excluding Taxes (Generic)";"PMNT";"MCOP";"COME";"OPERATION CAMT53";"Operation CAMT53";;"Bank transaction codes for CAMT.053";"camt.053.001.02.stm"
"Commission Including Taxes (Generic)";"PMNT";"MCOP";"COMI";"OPERATION CAMT53";"Operation CAMT53";;"Bank transaction codes for CAMT.053";"camt.053.001.02.stm"
"Fees (Generic)";"PMNT";"MCOP";"FEES";"OPERATION CAMT53";"Operation CAMT53";;"Bank transaction codes for CAMT.053";"camt.053.001.02.stm"
"Interests (Generic)";"PMNT";"MCOP";"INTR";"OPERATION CAMT53";"Operation CAMT53";;"Bank transaction codes for CAMT.053";"camt.053.001.02.stm"
"Non Taxable Commissions (Generic)";"PMNT";"MCOP";"COMT";"OPERATION CAMT53";"Operation CAMT53";;"Bank transaction codes for CAMT.053";"camt.053.001.02.stm"
"Not Available";"PMNT";"MCOP";"NTAV";"OPERATION CAMT53";"Operation CAMT53";;"Bank transaction codes for CAMT.053";"camt.053.001.02.stm"
"Other";"PMNT";"MCOP";"OTHR";"OPERATION CAMT53";"Operation CAMT53";;"Bank transaction codes for CAMT.053";"camt.053.001.02.stm"
"Reimbursement (Generic)";"PMNT";"MCOP";"RIMB";"OPERATION CAMT53";"Operation CAMT53";;"Bank transaction codes for CAMT.053";"camt.053.001.02.stm"
"Taxes (Generic)";"PMNT";"MCOP";"TAXE";"OPERATION CAMT53";"Operation CAMT53";;"Bank transaction codes for CAMT.053";"camt.053.001.02.stm"
"Adjustments (Generic)";"PMNT";"MDOP";"ADJT";"OPERATION CAMT53";"Operation CAMT53";;"Bank transaction codes for CAMT.053";"camt.053.001.02.stm"
"Charges (Generic)";"PMNT";"MDOP";"CHRG";"OPERATION CAMT53";"Operation CAMT53";;"Bank transaction codes for CAMT.053";"camt.053.001.02.stm"
"Commission (Generic)";"PMNT";"MDOP";"COMM";"OPERATION CAMT53";"Operation CAMT53";;"Bank transaction codes for CAMT.053";"camt.053.001.02.stm"
"Commission Excluding Taxes (Generic)";"PMNT";"MDOP";"COME";"OPERATION CAMT53";"Operation CAMT53";;"Bank transaction codes for CAMT.053";"camt.053.001.02.stm"
"Commission Including Taxes (Generic)";"PMNT";"MDOP";"COMI";"OPERATION CAMT53";"Operation CAMT53";;"Bank transaction codes for CAMT.053";"camt.053.001.02.stm"
"Fees (Generic)";"PMNT";"MDOP";"FEES";"OPERATION CAMT53";"Operation CAMT53";;"Bank transaction codes for CAMT.053";"camt.053.001.02.stm"
"Interests (Generic)";"PMNT";"MDOP";"INTR";"OPERATION CAMT53";"Operation CAMT53";;"Bank transaction codes for CAMT.053";"camt.053.001.02.stm"
"Non Taxable Commissions (Generic)";"PMNT";"MDOP";"COMT";"OPERATION CAMT53";"Operation CAMT53";;"Bank transaction codes for CAMT.053";"camt.053.001.02.stm"
"Not Available";"PMNT";"MDOP";"NTAV";"OPERATION CAMT53";"Operation CAMT53";;"Bank transaction codes for CAMT.053";"camt.053.001.02.stm"
"Other";"PMNT";"MDOP";"OTHR";"OPERATION CAMT53";"Operation CAMT53";;"Bank transaction codes for CAMT.053";"camt.053.001.02.stm"
"Reimbursement (Generic)";"PMNT";"MDOP";"RIMB";"OPERATION CAMT53";"Operation CAMT53";;"Bank transaction codes for CAMT.053";"camt.053.001.02.stm"
"Taxes (Generic)";"PMNT";"MDOP";"TAXE";"OPERATION CAMT53";"Operation CAMT53";;"Bank transaction codes for CAMT.053";"camt.053.001.02.stm"
"Invoice Accepted with Differed Due Date";"PMNT";"MDOP";"IADD";"OPERATION CAMT53";"Operation CAMT53";;"Bank transaction codes for CAMT.053";"camt.053.001.02.stm"
"Not Available";"PMNT";"NTAV";"NTAV";"OPERATION CAMT53";"Operation CAMT53";;"Bank transaction codes for CAMT.053";"camt.053.001.02.stm"
"Other";"PMNT";"OTHR";"OTHR";"OPERATION CAMT53";"Operation CAMT53";;"Bank transaction codes for CAMT.053";"camt.053.001.02.stm"
"ACH Concentration";"PMNT";"RCCN";"ACON";"OPERATION CAMT53";"Operation CAMT53";;"Bank transaction codes for CAMT.053";"camt.053.001.02.stm"
"Branch Account Transfer";"PMNT";"RCCN";"BACT";"OPERATION CAMT53";"Operation CAMT53";;"Bank transaction codes for CAMT.053";"camt.053.001.02.stm"
"Charges (Generic)";"PMNT";"RCCN";"CHRG";"OPERATION CAMT53";"Operation CAMT53";;"Bank transaction codes for CAMT.053";"camt.053.001.02.stm"
"Commission (Generic)";"PMNT";"RCCN";"COMM";"OPERATION CAMT53";"Operation CAMT53";;"Bank transaction codes for CAMT.053";"camt.053.001.02.stm"
"Commission Excluding Taxes (Generic)";"PMNT";"RCCN";"COME";"OPERATION CAMT53";"Operation CAMT53";;"Bank transaction codes for CAMT.053";"camt.053.001.02.stm"
"Commission Including Taxes (Generic)";"PMNT";"RCCN";"COMI";"OPERATION CAMT53";"Operation CAMT53";;"Bank transaction codes for CAMT.053";"camt.053.001.02.stm"
"Corporate Own Account Transfer";"PMNT";"RCCN";"COAT";"OPERATION CAMT53";"Operation CAMT53";;"Bank transaction codes for CAMT.053";"camt.053.001.02.stm"
"Credit Adjustments (Generic)";"PMNT";"RCCN";"CAJT";"OPERATION CAMT53";"Operation CAMT53";;"Bank transaction codes for CAMT.053";"camt.053.001.02.stm"
"Cross-Border Intra Company Transfer";"PMNT";"RCCN";"XICT";"OPERATION CAMT53";"Operation CAMT53";;"Bank transaction codes for CAMT.053";"camt.053.001.02.stm"
"Debit Adjustments (Generic)";"PMNT";"RCCN";"DAJT";"OPERATION CAMT53";"Operation CAMT53";;"Bank transaction codes for CAMT.053";"camt.053.001.02.stm"
"Fees (Generic)";"PMNT";"RCCN";"FEES";"OPERATION CAMT53";"Operation CAMT53";;"Bank transaction codes for CAMT.053";"camt.053.001.02.stm"
"Financial Institution Own Account Transfer";"PMNT";"RCCN";"FIOA";"OPERATION CAMT53";"Operation CAMT53";;"Bank transaction codes for CAMT.053";"camt.053.001.02.stm"
"Interests (Generic)";"PMNT";"RCCN";"INTR";"OPERATION CAMT53";"Operation CAMT53";;"Bank transaction codes for CAMT.053";"camt.053.001.02.stm"
"Intra Company Transfer";"PMNT";"RCCN";"ICCT";"OPERATION CAMT53";"Operation CAMT53";;"Bank transaction codes for CAMT.053";"camt.053.001.02.stm"
"Non Taxable Commissions (Generic)";"PMNT";"RCCN";"COMT";"OPERATION CAMT53";"Operation CAMT53";;"Bank transaction codes for CAMT.053";"camt.053.001.02.stm"
"Not Available";"PMNT";"RCCN";"NTAV";"OPERATION CAMT53";"Operation CAMT53";;"Bank transaction codes for CAMT.053";"camt.053.001.02.stm"
"Other";"PMNT";"RCCN";"OTHR";"OPERATION CAMT53";"Operation CAMT53";;"Bank transaction codes for CAMT.053";"camt.053.001.02.stm"
"Reimbursement (Generic)";"PMNT";"RCCN";"RIMB";"OPERATION CAMT53";"Operation CAMT53";;"Bank transaction codes for CAMT.053";"camt.053.001.02.stm"
"Taxes (Generic)";"PMNT";"RCCN";"TAXE";"OPERATION CAMT53";"Operation CAMT53";;"Bank transaction codes for CAMT.053";"camt.053.001.02.stm"
"ARP Debit";"PMNT";"RCHQ";"ARPD";"OPERATION CAMT53";"Operation CAMT53";;"Bank transaction codes for CAMT.053";"camt.053.001.02.stm"
"Bank Cheque";"PMNT";"RCHQ";"BCHQ";"OPERATION CAMT53";"Operation CAMT53";;"Bank transaction codes for CAMT.053";"camt.053.001.02.stm"
"Cash Letter";"PMNT";"RCHQ";"CASH";"OPERATION CAMT53";"Operation CAMT53";;"Bank transaction codes for CAMT.053";"camt.053.001.02.stm"
"Cash Letter Adjustment";"PMNT";"RCHQ";"CSHA";"OPERATION CAMT53";"Operation CAMT53";;"Bank transaction codes for CAMT.053";"camt.053.001.02.stm"
"Certified Customer Cheque";"PMNT";"RCHQ";"CCCH";"OPERATION CAMT53";"Operation CAMT53";;"Bank transaction codes for CAMT.053";"camt.053.001.02.stm"
"Charges (Generic)";"PMNT";"RCHQ";"CHRG";"OPERATION CAMT53";"Operation CAMT53";;"Bank transaction codes for CAMT.053";"camt.053.001.02.stm"
"Cheque";"PMNT";"RCHQ";"CCHQ";"OPERATION CAMT53";"Operation CAMT53";;"Bank transaction codes for CAMT.053";"camt.053.001.02.stm"
"Cheque Reversal";"PMNT";"RCHQ";"CQRV";"OPERATION CAMT53";"Operation CAMT53";;"Bank transaction codes for CAMT.053";"camt.053.001.02.stm"
"Cheque Under Reserve";"PMNT";"RCHQ";"URCQ";"OPERATION CAMT53";"Operation CAMT53";;"Bank transaction codes for CAMT.053";"camt.053.001.02.stm"
"Circular Cheque";"PMNT";"RCHQ";"CLCQ";"OPERATION CAMT53";"Operation CAMT53";;"Bank transaction codes for CAMT.053";"camt.053.001.02.stm"
"Commission (Generic)";"PMNT";"RCHQ";"COMM";"OPERATION CAMT53";"Operation CAMT53";;"Bank transaction codes for CAMT.053";"camt.053.001.02.stm"
"Commission Excluding Taxes (Generic)";"PMNT";"RCHQ";"COME";"OPERATION CAMT53";"Operation CAMT53";;"Bank transaction codes for CAMT.053";"camt.053.001.02.stm"
"Commission Including Taxes (Generic)";"PMNT";"RCHQ";"COMI";"OPERATION CAMT53";"Operation CAMT53";;"Bank transaction codes for CAMT.053";"camt.053.001.02.stm"
"Controlled Disbursement";"PMNT";"RCHQ";"CDIS";"OPERATION CAMT53";"Operation CAMT53";;"Bank transaction codes for CAMT.053";"camt.053.001.02.stm"
"Credit Adjustments (Generic)";"PMNT";"RCHQ";"CAJT";"OPERATION CAMT53";"Operation CAMT53";;"Bank transaction codes for CAMT.053";"camt.053.001.02.stm"
"Crossed Cheque";"PMNT";"RCHQ";"CRCQ";"OPERATION CAMT53";"Operation CAMT53";;"Bank transaction codes for CAMT.053";"camt.053.001.02.stm"
"Debit Adjustments (Generic)";"PMNT";"RCHQ";"DAJT";"OPERATION CAMT53";"Operation CAMT53";;"Bank transaction codes for CAMT.053";"camt.053.001.02.stm"
"Fees (Generic)";"PMNT";"RCHQ";"FEES";"OPERATION CAMT53";"Operation CAMT53";;"Bank transaction codes for CAMT.053";"camt.053.001.02.stm"
"Foreign Cheque";"PMNT";"RCHQ";"XBCQ";"OPERATION CAMT53";"Operation CAMT53";;"Bank transaction codes for CAMT.053";"camt.053.001.02.stm"
"Foreign Cheque Under Reserve";"PMNT";"RCHQ";"XRCQ";"OPERATION CAMT53";"Operation CAMT53";;"Bank transaction codes for CAMT.053";"camt.053.001.02.stm"
"Interests (Generic)";"PMNT";"RCHQ";"INTR";"OPERATION CAMT53";"Operation CAMT53";;"Bank transaction codes for CAMT.053";"camt.053.001.02.stm"
"Non Presented Circular Cheques";"PMNT";"RCHQ";"NPCC";"OPERATION CAMT53";"Operation CAMT53";;"Bank transaction codes for CAMT.053";"camt.053.001.02.stm"
"Non Taxable Commissions (Generic)";"PMNT";"RCHQ";"COMT";"OPERATION CAMT53";"Operation CAMT53";;"Bank transaction codes for CAMT.053";"camt.053.001.02.stm"
"Not Available";"PMNT";"RCHQ";"NTAV";"OPERATION CAMT53";"Operation CAMT53";;"Bank transaction codes for CAMT.053";"camt.053.001.02.stm"
"Open Cheque";"PMNT";"RCHQ";"OPCQ";"OPERATION CAMT53";"Operation CAMT53";;"Bank transaction codes for CAMT.053";"camt.053.001.02.stm"
"Order Cheque";"PMNT";"RCHQ";"ORCQ";"OPERATION CAMT53";"Operation CAMT53";;"Bank transaction codes for CAMT.053";"camt.053.001.02.stm"
"Other";"PMNT";"RCHQ";"OTHR";"OPERATION CAMT53";"Operation CAMT53";;"Bank transaction codes for CAMT.053";"camt.053.001.02.stm"
"Reimbursement (Generic)";"PMNT";"RCHQ";"RIMB";"OPERATION CAMT53";"Operation CAMT53";;"Bank transaction codes for CAMT.053";"camt.053.001.02.stm"
"Taxes (Generic)";"PMNT";"RCHQ";"TAXE";"OPERATION CAMT53";"Operation CAMT53";;"Bank transaction codes for CAMT.053";"camt.053.001.02.stm"
"Unpaid Cheque";"PMNT";"RCHQ";"UPCQ";"OPERATION CAMT53";"Operation CAMT53";;"Bank transaction codes for CAMT.053";"camt.053.001.02.stm"
"Unpaid Foreign Cheque";"PMNT";"RCHQ";"XPCQ";"OPERATION CAMT53";"Operation CAMT53";;"Bank transaction codes for CAMT.053";"camt.053.001.02.stm"
"ACH Corporate Trade";"PMNT";"RCDT";"ACOR";"OPERATION CAMT53";"Operation CAMT53";;"Bank transaction codes for CAMT.053";"camt.053.001.02.stm"
"ACH Credit";"PMNT";"RCDT";"ACDT";"OPERATION CAMT53";"Operation CAMT53";;"Bank transaction codes for CAMT.053";"camt.053.001.02.stm"
"ACH Debit";"PMNT";"RCDT";"ADBT";"OPERATION CAMT53";"Operation CAMT53";;"Bank transaction codes for CAMT.053";"camt.053.001.02.stm"
"ACH Pre-Authorised";"PMNT";"RCDT";"APAC";"OPERATION CAMT53";"Operation CAMT53";;"Bank transaction codes for CAMT.053";"camt.053.001.02.stm"
"ACH Return";"PMNT";"RCDT";"ARET";"OPERATION CAMT53";"Operation CAMT53";;"Bank transaction codes for CAMT.053";"camt.053.001.02.stm"
"ACH Reversal";"PMNT";"RCDT";"AREV";"OPERATION CAMT53";"Operation CAMT53";;"Bank transaction codes for CAMT.053";"camt.053.001.02.stm"
"ACH Settlement";"PMNT";"RCDT";"ASET";"OPERATION CAMT53";"Operation CAMT53";;"Bank transaction codes for CAMT.053";"camt.053.001.02.stm"
"ACH Transaction";"PMNT";"RCDT";"ATXN";"OPERATION CAMT53";"Operation CAMT53";;"Bank transaction codes for CAMT.053";"camt.053.001.02.stm"
"Automatic Transfer";"PMNT";"RCDT";"AUTT";"OPERATION CAMT53";"Operation CAMT53";;"Bank transaction codes for CAMT.053";"camt.053.001.02.stm"
"Charges (Generic)";"PMNT";"RCDT";"CHRG";"OPERATION CAMT53";"Operation CAMT53";;"Bank transaction codes for CAMT.053";"camt.053.001.02.stm"
"Commission (Generic)";"PMNT";"RCDT";"COMM";"OPERATION CAMT53";"Operation CAMT53";;"Bank transaction codes for CAMT.053";"camt.053.001.02.stm"
"Commission Excluding Taxes (Generic)";"PMNT";"RCDT";"COME";"OPERATION CAMT53";"Operation CAMT53";;"Bank transaction codes for CAMT.053";"camt.053.001.02.stm"
"Commission Including Taxes (Generic)";"PMNT";"RCDT";"COMI";"OPERATION CAMT53";"Operation CAMT53";;"Bank transaction codes for CAMT.053";"camt.053.001.02.stm"
"Credit Adjustments (Generic)";"PMNT";"RCDT";"CAJT";"OPERATION CAMT53";"Operation CAMT53";;"Bank transaction codes for CAMT.053";"camt.053.001.02.stm"
"Credit Transfer With Agreed Commercial Information";"PMNT";"RCDT";"VCOM";"OPERATION CAMT53";"Operation CAMT53";;"Bank transaction codes for CAMT.053";"camt.053.001.02.stm"
"Cross-Border Credit Transfer";"PMNT";"RCDT";"XBCT";"OPERATION CAMT53";"Operation CAMT53";;"Bank transaction codes for CAMT.053";"camt.053.001.02.stm"
"Cross-Border Payroll/Salary Payment";"PMNT";"RCDT";"XBSA";"OPERATION CAMT53";"Operation CAMT53";;"Bank transaction codes for CAMT.053";"camt.053.001.02.stm"
"Cross-Border Standing Order";"PMNT";"RCDT";"XBST";"OPERATION CAMT53";"Operation CAMT53";;"Bank transaction codes for CAMT.053";"camt.053.001.02.stm"
"Debit Adjustments (Generic)";"PMNT";"RCDT";"DAJT";"OPERATION CAMT53";"Operation CAMT53";;"Bank transaction codes for CAMT.053";"camt.053.001.02.stm"
"Domestic Credit Transfer";"PMNT";"RCDT";"DMCT";"OPERATION CAMT53";"Operation CAMT53";;"Bank transaction codes for CAMT.053";"camt.053.001.02.stm"
"Fees (Generic)";"PMNT";"RCDT";"FEES";"OPERATION CAMT53";"Operation CAMT53";;"Bank transaction codes for CAMT.053";"camt.053.001.02.stm"
"Financial Institution Credit Transfer";"PMNT";"RCDT";"FICT";"OPERATION CAMT53";"Operation CAMT53";;"Bank transaction codes for CAMT.053";"camt.053.001.02.stm"
"Interests (Generic)";"PMNT";"RCDT";"INTR";"OPERATION CAMT53";"Operation CAMT53";;"Bank transaction codes for CAMT.053";"camt.053.001.02.stm"
"Internal Book Transfer";"PMNT";"RCDT";"BOOK";"OPERATION CAMT53";"Operation CAMT53";;"Bank transaction codes for CAMT.053";"camt.053.001.02.stm"
"Non Taxable Commissions (Generic)";"PMNT";"RCDT";"COMT";"OPERATION CAMT53";"Operation CAMT53";;"Bank transaction codes for CAMT.053";"camt.053.001.02.stm"
"Nordic Payment Council Credit Transfer";"PMNT";"RCDT";"ENCT";"OPERATION CAMT53";"Operation CAMT53";;"Bank transaction codes for CAMT.053";"camt.053.001.02.stm"
"Not Available";"PMNT";"RCDT";"NTAV";"OPERATION CAMT53";"Operation CAMT53";;"Bank transaction codes for CAMT.053";"camt.053.001.02.stm"
"Other";"PMNT";"RCDT";"OTHR";"OPERATION CAMT53";"Operation CAMT53";;"Bank transaction codes for CAMT.053";"camt.053.001.02.stm"
"Payroll/Salary Payment";"PMNT";"RCDT";"SALA";"OPERATION CAMT53";"Operation CAMT53";;"Bank transaction codes for CAMT.053";"camt.053.001.02.stm"
"Priority Credit Transfer";"PMNT";"RCDT";"PRCT";"OPERATION CAMT53";"Operation CAMT53";;"Bank transaction codes for CAMT.053";"camt.053.001.02.stm"
"Reimbursement (Generic)";"PMNT";"RCDT";"RIMB";"OPERATION CAMT53";"Operation CAMT53";;"Bank transaction codes for CAMT.053";"camt.053.001.02.stm"
"Reversal Due To Payment Cancellation Request  ";"PMNT";"RCDT";"RPCR";"OPERATION CAMT53";"Operation CAMT53";;"Bank transaction codes for CAMT.053";"camt.053.001.02.stm"
"Reversal Due To Payment Return";"PMNT";"RCDT";"RRTN";"OPERATION CAMT53";"Operation CAMT53";;"Bank transaction codes for CAMT.053";"camt.053.001.02.stm"
"Cross Border Reversal Due to Payment Return";"PMNT";"RCDT";"XRTN";"OPERATION CAMT53";"Operation CAMT53";;"Bank transaction codes for CAMT.053";"camt.053.001.02.stm"
"Same Day Value Credit Transfer";"PMNT";"RCDT";"SDVA";"OPERATION CAMT53";"Operation CAMT53";;"Bank transaction codes for CAMT.053";"camt.053.001.02.stm"
"SEPA Credit Transfer";"PMNT";"RCDT";"ESCT";"OPERATION CAMT53";"Operation CAMT53";;"Bank transaction codes for CAMT.053";"camt.053.001.02.stm"
"Standing Order";"PMNT";"RCDT";"STDO";"OPERATION CAMT53";"Operation CAMT53";;"Bank transaction codes for CAMT.053";"camt.053.001.02.stm"
"Taxes (Generic)";"PMNT";"RCDT";"TAXE";"OPERATION CAMT53";"Operation CAMT53";;"Bank transaction codes for CAMT.053";"camt.053.001.02.stm"
"Treasury Tax And Loan Service";"PMNT";"RCDT";"TTLS";"OPERATION CAMT53";"Operation CAMT53";;"Bank transaction codes for CAMT.053";"camt.053.001.02.stm"
"Charges (Generic)";"PMNT";"RDDT";"CHRG";"OPERATION CAMT53";"Operation CAMT53";;"Bank transaction codes for CAMT.053";"camt.053.001.02.stm"
"Commission (Generic)";"PMNT";"RDDT";"COMM";"OPERATION CAMT53";"Operation CAMT53";;"Bank transaction codes for CAMT.053";"camt.053.001.02.stm"
"Commission Excluding Taxes (Generic)";"PMNT";"RDDT";"COME";"OPERATION CAMT53";"Operation CAMT53";;"Bank transaction codes for CAMT.053";"camt.053.001.02.stm"
"Commission Including Taxes (Generic)";"PMNT";"RDDT";"COMI";"OPERATION CAMT53";"Operation CAMT53";;"Bank transaction codes for CAMT.053";"camt.053.001.02.stm"
"Credit Adjustments (Generic)";"PMNT";"RDDT";"CAJT";"OPERATION CAMT53";"Operation CAMT53";;"Bank transaction codes for CAMT.053";"camt.053.001.02.stm"
"Cross-Border Direct Debit";"PMNT";"RDDT";"XBDD";"OPERATION CAMT53";"Operation CAMT53";;"Bank transaction codes for CAMT.053";"camt.053.001.02.stm"
"Debit Adjustments (Generic)";"PMNT";"RDDT";"DAJT";"OPERATION CAMT53";"Operation CAMT53";;"Bank transaction codes for CAMT.053";"camt.053.001.02.stm"
"Direct Debit";"PMNT";"RDDT";"PMDD";"OPERATION CAMT53";"Operation CAMT53";;"Bank transaction codes for CAMT.053";"camt.053.001.02.stm"
"Direct Debit Under Reserve";"PMNT";"RDDT";"URDD";"OPERATION CAMT53";"Operation CAMT53";;"Bank transaction codes for CAMT.053";"camt.053.001.02.stm"
"Fees (Generic)";"PMNT";"RDDT";"FEES";"OPERATION CAMT53";"Operation CAMT53";;"Bank transaction codes for CAMT.053";"camt.053.001.02.stm"
"Financial Institution Direct Debit Payment";"PMNT";"RDDT";"FIDD";"OPERATION CAMT53";"Operation CAMT53";;"Bank transaction codes for CAMT.053";"camt.053.001.02.stm"
"Interests (Generic)";"PMNT";"RDDT";"INTR";"OPERATION CAMT53";"Operation CAMT53";;"Bank transaction codes for CAMT.053";"camt.053.001.02.stm"
"Non Taxable Commissions (Generic)";"PMNT";"RDDT";"COMT";"OPERATION CAMT53";"Operation CAMT53";;"Bank transaction codes for CAMT.053";"camt.053.001.02.stm"
"Not Available";"PMNT";"RDDT";"NTAV";"OPERATION CAMT53";"Operation CAMT53";;"Bank transaction codes for CAMT.053";"camt.053.001.02.stm"
"One-Off Direct Debit";"PMNT";"RDDT";"OODD";"OPERATION CAMT53";"Operation CAMT53";;"Bank transaction codes for CAMT.053";"camt.053.001.02.stm"
"Other";"PMNT";"RDDT";"OTHR";"OPERATION CAMT53";"Operation CAMT53";;"Bank transaction codes for CAMT.053";"camt.053.001.02.stm"
"Pre-Authorised Direct Debit";"PMNT";"RDDT";"PADD";"OPERATION CAMT53";"Operation CAMT53";;"Bank transaction codes for CAMT.053";"camt.053.001.02.stm"
"Reimbursement (Generic)";"PMNT";"RDDT";"RIMB";"OPERATION CAMT53";"Operation CAMT53";;"Bank transaction codes for CAMT.053";"camt.053.001.02.stm"
"Reversal Due To Payment Cancellation Request";"PMNT";"RDDT";"RCDD";"OPERATION CAMT53";"Operation CAMT53";;"Bank transaction codes for CAMT.053";"camt.053.001.02.stm"
"Reversal Due To Payment Reversal  ";"PMNT";"RDDT";"PRDD";"OPERATION CAMT53";"Operation CAMT53";;"Bank transaction codes for CAMT.053";"camt.053.001.02.stm"
"Reversal Due To Return/Unpaid Direct Debit";"PMNT";"RDDT";"UPDD";"OPERATION CAMT53";"Operation CAMT53";;"Bank transaction codes for CAMT.053";"camt.053.001.02.stm"
"SEPA B2B Direct Debit";"PMNT";"RDDT";"BBDD";"OPERATION CAMT53";"Operation CAMT53";;"Bank transaction codes for CAMT.053";"camt.053.001.02.stm"
"SEPA Core Direct Debit";"PMNT";"RDDT";"ESDD";"OPERATION CAMT53";"Operation CAMT53";;"Bank transaction codes for CAMT.053";"camt.053.001.02.stm"
"Taxes (Generic)";"PMNT";"RDDT";"TAXE";"OPERATION CAMT53";"Operation CAMT53";;"Bank transaction codes for CAMT.053";"camt.053.001.02.stm"
"ACH Corporate Trade";"PMNT";"RRCT";"ACOR";"OPERATION CAMT53";"Operation CAMT53";;"Bank transaction codes for CAMT.053";"camt.053.001.02.stm"
"ACH Credit";"PMNT";"RRCT";"ACDT";"OPERATION CAMT53";"Operation CAMT53";;"Bank transaction codes for CAMT.053";"camt.053.001.02.stm"
"ACH Debit";"PMNT";"RRCT";"ADBT";"OPERATION CAMT53";"Operation CAMT53";;"Bank transaction codes for CAMT.053";"camt.053.001.02.stm"
"ACH Pre-Authorised";"PMNT";"RRCT";"APAC";"OPERATION CAMT53";"Operation CAMT53";;"Bank transaction codes for CAMT.053";"camt.053.001.02.stm"
"ACH Return";"PMNT";"RRCT";"ARET";"OPERATION CAMT53";"Operation CAMT53";;"Bank transaction codes for CAMT.053";"camt.053.001.02.stm"
"ACH Reversal";"PMNT";"RRCT";"AREV";"OPERATION CAMT53";"Operation CAMT53";;"Bank transaction codes for CAMT.053";"camt.053.001.02.stm"
"ACH Settlement";"PMNT";"RRCT";"ASET";"OPERATION CAMT53";"Operation CAMT53";;"Bank transaction codes for CAMT.053";"camt.053.001.02.stm"
"ACH Transaction";"PMNT";"RRCT";"ATXN";"OPERATION CAMT53";"Operation CAMT53";;"Bank transaction codes for CAMT.053";"camt.053.001.02.stm"
"Automatic Transfer";"PMNT";"RRCT";"AUTT";"OPERATION CAMT53";"Operation CAMT53";;"Bank transaction codes for CAMT.053";"camt.053.001.02.stm"
"Charges (Generic)";"PMNT";"RRCT";"CHRG";"OPERATION CAMT53";"Operation CAMT53";;"Bank transaction codes for CAMT.053";"camt.053.001.02.stm"
"Commission (Generic)";"PMNT";"RRCT";"COMM";"OPERATION CAMT53";"Operation CAMT53";;"Bank transaction codes for CAMT.053";"camt.053.001.02.stm"
"Commission Excluding Taxes (Generic)";"PMNT";"RRCT";"COME";"OPERATION CAMT53";"Operation CAMT53";;"Bank transaction codes for CAMT.053";"camt.053.001.02.stm"
"Commission Including Taxes (Generic)";"PMNT";"RRCT";"COMI";"OPERATION CAMT53";"Operation CAMT53";;"Bank transaction codes for CAMT.053";"camt.053.001.02.stm"
"Credit Adjustments (Generic)";"PMNT";"RRCT";"CAJT";"OPERATION CAMT53";"Operation CAMT53";;"Bank transaction codes for CAMT.053";"camt.053.001.02.stm"
"Credit Transfer With Agreed Commercial Information";"PMNT";"RRCT";"VCOM";"OPERATION CAMT53";"Operation CAMT53";;"Bank transaction codes for CAMT.053";"camt.053.001.02.stm"
"Cross-Border Credit Transfer";"PMNT";"RRCT";"XBCT";"OPERATION CAMT53";"Operation CAMT53";;"Bank transaction codes for CAMT.053";"camt.053.001.02.stm"
"Cross-Border Payroll/Salary Payment";"PMNT";"RRCT";"XBSA";"OPERATION CAMT53";"Operation CAMT53";;"Bank transaction codes for CAMT.053";"camt.053.001.02.stm"
"Cross-Border Standing Order";"PMNT";"RRCT";"XBST";"OPERATION CAMT53";"Operation CAMT53";;"Bank transaction codes for CAMT.053";"camt.053.001.02.stm"
"Debit Adjustments (Generic)";"PMNT";"RRCT";"DAJT";"OPERATION CAMT53";"Operation CAMT53";;"Bank transaction codes for CAMT.053";"camt.053.001.02.stm"
"Domestic Credit Transfer";"PMNT";"RRCT";"DMCT";"OPERATION CAMT53";"Operation CAMT53";;"Bank transaction codes for CAMT.053";"camt.053.001.02.stm"
"Fees (Generic)";"PMNT";"RRCT";"FEES";"OPERATION CAMT53";"Operation CAMT53";;"Bank transaction codes for CAMT.053";"camt.053.001.02.stm"
"Financial Institution Credit Transfer";"PMNT";"RRCT";"FICT";"OPERATION CAMT53";"Operation CAMT53";;"Bank transaction codes for CAMT.053";"camt.053.001.02.stm"
"Interests (Generic)";"PMNT";"RRCT";"INTR";"OPERATION CAMT53";"Operation CAMT53";;"Bank transaction codes for CAMT.053";"camt.053.001.02.stm"
"Internal Book Transfer";"PMNT";"RRCT";"BOOK";"OPERATION CAMT53";"Operation CAMT53";;"Bank transaction codes for CAMT.053";"camt.053.001.02.stm"
"Non Taxable Commissions (Generic)";"PMNT";"RRCT";"COMT";"OPERATION CAMT53";"Operation CAMT53";;"Bank transaction codes for CAMT.053";"camt.053.001.02.stm"
"Nordic Payment Council Credit Transfer";"PMNT";"RRCT";"ENCT";"OPERATION CAMT53";"Operation CAMT53";;"Bank transaction codes for CAMT.053";"camt.053.001.02.stm"
"Not Available";"PMNT";"RRCT";"NTAV";"OPERATION CAMT53";"Operation CAMT53";;"Bank transaction codes for CAMT.053";"camt.053.001.02.stm"
"Other";"PMNT";"RRCT";"OTHR";"OPERATION CAMT53";"Operation CAMT53";;"Bank transaction codes for CAMT.053";"camt.053.001.02.stm"
"Payroll/Salary Payment";"PMNT";"RRCT";"SALA";"OPERATION CAMT53";"Operation CAMT53";;"Bank transaction codes for CAMT.053";"camt.053.001.02.stm"
"Priority Credit Transfer";"PMNT";"RRCT";"PRCT";"OPERATION CAMT53";"Operation CAMT53";;"Bank transaction codes for CAMT.053";"camt.053.001.02.stm"
"Reimbursement (Generic)";"PMNT";"RRCT";"RIMB";"OPERATION CAMT53";"Operation CAMT53";;"Bank transaction codes for CAMT.053";"camt.053.001.02.stm"
"Reversal Due To Payment Cancellation Request  ";"PMNT";"RRCT";"RPCR";"OPERATION CAMT53";"Operation CAMT53";;"Bank transaction codes for CAMT.053";"camt.053.001.02.stm"
"Reversal Due To Payment Return";"PMNT";"RRCT";"RRTN";"OPERATION CAMT53";"Operation CAMT53";;"Bank transaction codes for CAMT.053";"camt.053.001.02.stm"
"Cross Border Reversal Due to Payment Return";"PMNT";"RRCT";"XRTN";"OPERATION CAMT53";"Operation CAMT53";;"Bank transaction codes for CAMT.053";"camt.053.001.02.stm"
"Same Day Value Credit Transfer";"PMNT";"RRCT";"SDVA";"OPERATION CAMT53";"Operation CAMT53";;"Bank transaction codes for CAMT.053";"camt.053.001.02.stm"
"SEPA Credit Transfer";"PMNT";"RRCT";"ESCT";"OPERATION CAMT53";"Operation CAMT53";;"Bank transaction codes for CAMT.053";"camt.053.001.02.stm"
"Standing Order";"PMNT";"RRCT";"STDO";"OPERATION CAMT53";"Operation CAMT53";;"Bank transaction codes for CAMT.053";"camt.053.001.02.stm"
"Taxes (Generic)";"PMNT";"RRCT";"TAXE";"OPERATION CAMT53";"Operation CAMT53";;"Bank transaction codes for CAMT.053";"camt.053.001.02.stm"
"Treasury Tax And Loan Service";"PMNT";"RRCT";"TTLS";"OPERATION CAMT53";"Operation CAMT53";;"Bank transaction codes for CAMT.053";"camt.053.001.02.stm"
"Bill of Exchange Settlement on Demand";"PMNT";"DRFT";"STOD";"OPERATION CAMT53";"Operation CAMT53";;"Bank transaction codes for CAMT.053";"camt.053.001.02.stm"
"Cover Transaction ";"PMNT";"ICDT";"COVE";"OPERATION CAMT53";"Operation CAMT53";;"Bank transaction codes for CAMT.053";"camt.053.001.02.stm"
"Reversal due to a Cover Transaction Return";"PMNT";"ICDT";"RCOV";"OPERATION CAMT53";"Operation CAMT53";;"Bank transaction codes for CAMT.053";"camt.053.001.02.stm"
"Cover Transaction ";"PMNT";"RCDT";"COVE";"OPERATION CAMT53";"Operation CAMT53";;"Bank transaction codes for CAMT.053";"camt.053.001.02.stm"
"Reversal due to a Cover Transaction Return";"PMNT";"RCDT";"RCOV";"OPERATION CAMT53";"Operation CAMT53";;"Bank transaction codes for CAMT.053";"camt.053.001.02.stm"